Sample in Buffer,Sample in Window,TRIGGER,sysref,tx_ready,tx_data[63:0],rx_sync_0_OBUF,tx_sync_0_IBUF,rx_valid_1,locked,rst_204,rx_valid,rx_data[63:0]
Radix - UNSIGNED,UNSIGNED,UNSIGNED,HEX,HEX,HEX,HEX,HEX,HEX,HEX,HEX,HEX,HEX
0,0,0,1,1,a1651fe1a1651fe2,1,1,0,1,0,0,0000000000000000
1,1,0,1,1,a1651fe2a1651fe3,1,1,0,1,0,0,0000000000000000
2,2,0,1,1,a1651fe3a1651fe4,1,1,0,1,0,0,0000000000000000
3,3,0,1,1,a1651fe4a1651fe5,1,1,0,1,0,0,0000000000000000
4,4,0,1,1,a1651fe5a1651fe6,1,1,0,1,0,0,0000000000000000
5,5,0,1,1,a1651fe6a1651fe7,1,1,0,1,0,0,0000000000000000
6,6,0,1,1,a1651fe7a1651fe8,1,1,0,1,0,0,0000000000000000
7,7,0,1,1,a1651fe8a1651fe9,1,1,0,1,0,0,0000000000000000
8,8,0,0,1,a1651fe9a1651fea,1,1,0,1,0,0,0000000000000000
9,9,0,0,1,a1651feaa1651feb,1,1,0,1,0,0,0000000000000000
10,10,0,0,1,a1651feba1651fec,1,1,0,1,0,0,0000000000000000
11,11,0,0,1,a1651feca1651fed,1,1,0,1,0,0,0000000000000000
12,12,0,0,1,a1651feda1651fee,1,1,0,1,0,0,0000000000000000
13,13,0,0,1,a1651feea1651fef,1,1,0,1,0,0,0000000000000000
14,14,0,0,1,a1651fefa1651ff0,1,1,0,1,0,0,0000000000000000
15,15,0,0,1,a1651ff0a1651ff1,1,1,0,1,0,0,0000000000000000
16,16,0,0,1,a1651ff1a1651ff2,1,1,0,1,0,0,0000000000000000
17,17,0,0,1,a1651ff2a1651ff3,1,1,0,1,0,0,0000000000000000
18,18,0,0,1,a1651ff3a1651ff4,1,1,0,1,0,0,0000000000000000
19,19,0,0,1,a1651ff4a1651ff5,1,1,0,1,0,0,0000000000000000
20,20,0,0,1,a1651ff5a1651ff6,1,1,0,1,0,0,0000000000000000
21,21,0,0,1,a1651ff6a1651ff7,1,1,0,1,0,0,0000000000000000
22,22,0,0,1,a1651ff7a1651ff8,1,1,0,1,0,0,0000000000000000
23,23,0,0,1,a1651ff8a1651ff9,1,1,0,1,0,0,0000000000000000
24,24,0,1,1,a1651ff9a1651ffa,1,1,0,1,0,0,0000000000000000
25,25,0,1,1,a1651ffaa1651ffb,1,1,0,1,0,0,0000000000000000
26,26,0,1,1,a1651ffba1651ffc,1,1,0,1,0,0,0000000000000000
27,27,0,1,1,a1651ffca1651ffd,1,1,0,1,0,0,0000000000000000
28,28,0,1,1,a1651ffda1651ffe,1,1,0,1,0,0,0000000000000000
29,29,0,1,1,a1651ffea1651fff,1,1,0,1,0,0,0000000000000000
30,30,0,1,1,a1651fffa1652000,1,1,0,1,0,0,0000000000000000
31,31,0,1,1,a1652000a1652001,1,1,0,1,0,0,0000000000000000
32,32,0,1,1,a1652001a1652002,1,1,0,1,0,0,0000000000000000
33,33,0,1,1,a1652002a1652003,1,1,0,1,0,0,0000000000000000
34,34,0,1,1,a1652003a1652004,1,1,0,1,0,0,0000000000000000
35,35,0,1,1,a1652004a1652005,1,1,0,1,0,0,0000000000000000
36,36,0,1,1,a1652005a1652006,1,1,0,1,0,0,0000000000000000
37,37,0,1,1,a1652006a1652007,1,1,0,1,0,0,0000000000000000
38,38,0,1,1,a1652007a1652008,1,1,0,1,0,0,0000000000000000
39,39,0,1,1,a1652008a1652009,1,1,0,1,0,0,0000000000000000
40,40,0,0,1,a1652009a165200a,1,1,0,1,0,0,0000000000000000
41,41,0,0,1,a165200aa165200b,1,1,0,1,0,0,0000000000000000
42,42,0,0,1,a165200ba165200c,1,1,0,1,0,0,0000000000000000
43,43,0,0,1,a165200ca165200d,1,1,0,1,0,0,0000000000000000
44,44,0,0,1,a165200da165200e,1,1,0,1,0,0,0000000000000000
45,45,0,0,1,a165200ea165200f,1,1,0,1,0,0,0000000000000000
46,46,0,0,1,a165200fa1652010,1,1,0,1,0,0,0000000000000000
47,47,0,0,1,a1652010a1652011,1,1,0,1,0,0,0000000000000000
48,48,0,0,1,a1652011a1652012,1,1,0,1,0,0,0000000000000000
49,49,0,0,1,a1652012a1652013,1,1,0,1,0,0,0000000000000000
50,50,0,0,1,a1652013a1652014,1,1,0,1,0,0,0000000000000000
51,51,0,0,1,a1652014a1652015,1,1,0,1,0,0,0000000000000000
52,52,0,0,1,a1652015a1652016,1,1,0,1,0,0,0000000000000000
53,53,0,0,1,a1652016a1652017,1,1,0,1,0,0,0000000000000000
54,54,0,0,1,a1652017a1652018,1,1,0,1,0,0,0000000000000000
55,55,0,0,1,a1652018a1652019,1,1,0,1,0,0,0000000000000000
56,56,0,1,1,a1652019a165201a,1,1,0,1,0,0,0000000000000000
57,57,0,1,1,a165201aa165201b,1,1,0,1,0,0,0000000000000000
58,58,0,1,1,a165201ba165201c,1,1,0,1,0,0,0000000000000000
59,59,0,1,1,a165201ca165201d,1,1,0,1,0,0,0000000000000000
60,60,0,1,1,a165201da165201e,1,1,0,1,0,0,0000000000000000
61,61,0,1,1,a165201ea165201f,1,1,0,1,0,0,0000000000000000
62,62,0,1,1,a165201fa1652020,1,1,0,1,0,0,0000000000000000
63,63,0,1,1,a1652020a1652021,1,1,0,1,0,0,0000000000000000
64,64,0,1,1,a1652021a1652022,1,1,0,1,0,0,0000000000000000
65,65,0,1,1,a1652022a1652023,1,1,0,1,0,0,0000000000000000
66,66,0,1,1,a1652023a1652024,1,1,0,1,0,0,0000000000000000
67,67,0,1,1,a1652024a1652025,1,1,0,1,0,0,0000000000000000
68,68,0,1,1,a1652025a1652026,1,1,0,1,0,0,0000000000000000
69,69,0,1,1,a1652026a1652027,1,1,0,1,0,0,0000000000000000
70,70,0,1,1,a1652027a1652028,1,1,0,1,0,0,0000000000000000
71,71,0,1,1,a1652028a1652029,1,1,0,1,0,0,0000000000000000
72,72,0,0,1,a1652029a165202a,1,1,0,1,0,0,0000000000000000
73,73,0,0,1,a165202aa165202b,1,1,0,1,0,0,0000000000000000
74,74,0,0,1,a165202ba165202c,1,1,0,1,0,0,0000000000000000
75,75,0,0,1,a165202ca165202d,1,1,0,1,0,0,0000000000000000
76,76,0,0,1,a165202da165202e,1,1,0,1,0,0,0000000000000000
77,77,0,0,1,a165202ea165202f,1,1,0,1,0,0,0000000000000000
78,78,0,0,1,a165202fa1652030,1,1,0,1,0,0,0000000000000000
79,79,0,0,1,a1652030a1652031,1,1,0,1,0,0,0000000000000000
80,80,0,0,1,a1652031a1652032,1,1,0,1,0,0,0000000000000000
81,81,0,0,1,a1652032a1652033,1,1,0,1,0,0,0000000000000000
82,82,0,0,1,a1652033a1652034,1,1,0,1,0,0,0000000000000000
83,83,0,0,1,a1652034a1652035,1,1,0,1,0,0,0000000000000000
84,84,0,0,1,a1652035a1652036,1,1,0,1,0,0,0000000000000000
85,85,0,0,1,a1652036a1652037,1,1,0,1,0,0,0000000000000000
86,86,0,0,1,a1652037a1652038,1,1,0,1,0,0,0000000000000000
87,87,0,0,1,a1652038a1652039,1,1,0,1,0,0,0000000000000000
88,88,0,1,1,a1652039a165203a,1,1,0,1,0,0,0000000000000000
89,89,0,1,1,a165203aa165203b,1,1,0,1,0,0,0000000000000000
90,90,0,1,1,a165203ba165203c,1,1,0,1,0,0,0000000000000000
91,91,0,1,1,a165203ca165203d,1,1,0,1,0,0,0000000000000000
92,92,0,1,1,a165203da165203e,1,1,0,1,0,0,0000000000000000
93,93,0,1,1,a165203ea165203f,1,1,0,1,0,0,0000000000000000
94,94,0,1,1,a165203fa1652040,1,1,0,1,0,0,0000000000000000
95,95,0,1,1,a1652040a1652041,1,1,0,1,0,0,0000000000000000
96,96,0,1,1,a1652041a1652042,1,1,0,1,0,0,0000000000000000
97,97,0,1,1,a1652042a1652043,1,1,0,1,0,0,0000000000000000
98,98,0,1,1,a1652043a1652044,1,1,0,1,0,0,0000000000000000
99,99,0,1,1,a1652044a1652045,1,1,0,1,0,0,0000000000000000
100,100,1,1,1,a1652045a1652046,1,1,0,1,0,0,0000000000000000
101,101,0,1,1,a1652046a1652047,1,1,0,1,0,0,0000000000000000
102,102,0,1,1,a1652047a1652048,1,1,0,1,0,0,0000000000000000
103,103,0,1,1,a1652048a1652049,1,1,0,1,0,0,0000000000000000
104,104,0,0,1,a1652049a165204a,1,1,0,1,0,0,0000000000000000
105,105,0,0,1,a165204aa165204b,1,1,0,1,0,0,0000000000000000
106,106,0,0,1,a165204ba165204c,1,1,0,1,0,0,0000000000000000
107,107,0,0,1,a165204ca165204d,1,1,0,1,0,0,0000000000000000
108,108,0,0,1,a165204da165204e,1,1,0,1,0,0,0000000000000000
109,109,0,0,1,a165204ea165204f,1,1,0,1,0,0,0000000000000000
110,110,0,0,1,a165204fa1652050,1,1,0,1,0,0,0000000000000000
111,111,0,0,1,a1652050a1652051,1,1,0,1,0,0,0000000000000000
112,112,0,0,1,a1652051a1652052,1,1,0,1,0,0,0000000000000000
113,113,0,0,1,a1652052a1652053,1,1,0,1,0,0,0000000000000000
114,114,0,0,1,a1652053a1652054,1,1,0,1,0,0,0000000000000000
115,115,0,0,1,a1652054a1652055,1,1,0,1,0,0,0000000000000000
116,116,0,0,1,a1652055a1652056,1,1,0,1,0,0,0000000000000000
117,117,0,0,1,a1652056a1652057,1,1,0,1,0,0,0000000000000000
118,118,0,0,1,a1652057a1652058,1,1,0,1,0,0,0000000000000000
119,119,0,0,1,a1652058a1652059,1,1,0,1,0,0,0000000000000000
120,120,0,1,1,a1652059a165205a,1,1,0,1,0,0,0000000000000000
121,121,0,1,1,a165205aa165205b,1,1,0,1,0,0,0000000000000000
122,122,0,1,1,a165205ba165205c,1,1,0,1,0,0,0000000000000000
123,123,0,1,1,a165205ca165205d,1,1,0,1,0,0,0000000000000000
124,124,0,1,1,a165205da165205e,1,1,0,1,0,0,0000000000000000
125,125,0,1,1,a165205ea165205f,1,1,0,1,0,0,0000000000000000
126,126,0,1,1,a165205fa1652060,1,1,0,1,0,0,0000000000000000
127,127,0,1,1,a1652060a1652061,1,1,0,1,0,0,0000000000000000
128,128,0,1,1,a1652061a1652062,1,1,0,1,0,0,0000000000000000
129,129,0,1,1,a1652062a1652063,1,1,0,1,0,0,0000000000000000
130,130,0,1,1,a1652063a1652064,1,1,0,1,0,0,0000000000000000
131,131,0,1,1,a1652064a1652065,1,1,0,1,0,0,0000000000000000
132,132,0,1,1,a1652065a1652066,1,1,0,1,0,0,0000000000000000
133,133,0,1,1,a1652066a1652067,1,1,0,1,0,0,0000000000000000
134,134,0,1,1,a1652067a1652068,1,1,0,1,0,0,0000000000000000
135,135,0,1,1,a1652068a1652069,1,1,0,1,0,0,0000000000000000
136,136,0,0,1,a1652069a165206a,1,1,0,1,0,0,0000000000000000
137,137,0,0,1,a165206aa165206b,1,1,0,1,0,0,0000000000000000
138,138,0,0,1,a165206ba165206c,1,1,0,1,0,0,0000000000000000
139,139,0,0,1,a165206ca165206d,1,1,0,1,0,0,0000000000000000
140,140,0,0,1,a165206da165206e,1,1,0,1,0,0,0000000000000000
141,141,0,0,1,a165206ea165206f,1,1,0,1,0,0,0000000000000000
142,142,0,0,1,a165206fa1652070,1,1,0,1,0,0,0000000000000000
143,143,0,0,1,a1652070a1652071,1,1,0,1,0,0,0000000000000000
144,144,0,0,1,a1652071a1652072,1,1,0,1,0,0,0000000000000000
145,145,0,0,1,a1652072a1652073,1,1,0,1,0,0,0000000000000000
146,146,0,0,1,a1652073a1652074,1,1,0,1,0,0,0000000000000000
147,147,0,0,1,a1652074a1652075,1,1,0,1,0,0,0000000000000000
148,148,0,0,1,a1652075a1652076,1,1,0,1,0,0,0000000000000000
149,149,0,0,1,a1652076a1652077,1,1,0,1,0,0,0000000000000000
150,150,0,0,1,a1652077a1652078,1,1,0,1,0,0,0000000000000000
151,151,0,0,1,a1652078a1652079,1,1,0,1,0,0,0000000000000000
152,152,0,1,1,a1652079a165207a,1,1,0,1,0,0,0000000000000000
153,153,0,1,1,a165207aa165207b,1,1,0,1,0,0,0000000000000000
154,154,0,1,1,a165207ba165207c,1,1,0,1,0,0,0000000000000000
155,155,0,1,1,a165207ca165207d,1,1,0,1,0,0,0000000000000000
156,156,0,1,1,a165207da165207e,1,1,0,1,0,0,0000000000000000
157,157,0,1,1,a165207ea165207f,1,1,0,1,0,0,0000000000000000
158,158,0,1,1,a165207fa1652080,1,1,0,1,0,0,0000000000000000
159,159,0,1,1,a1652080a1652081,1,1,0,1,0,0,0000000000000000
160,160,0,1,1,a1652081a1652082,1,1,0,1,0,0,0000000000000000
161,161,0,1,1,a1652082a1652083,1,1,0,1,0,0,0000000000000000
162,162,0,1,1,a1652083a1652084,1,1,0,1,0,0,0000000000000000
163,163,0,1,1,a1652084a1652085,1,1,0,1,0,0,0000000000000000
164,164,0,1,1,a1652085a1652086,1,1,0,1,0,0,0000000000000000
165,165,0,1,1,a1652086a1652087,1,1,0,1,0,0,0000000000000000
166,166,0,1,1,a1652087a1652088,1,1,0,1,0,0,0000000000000000
167,167,0,1,1,a1652088a1652089,1,1,0,1,0,0,0000000000000000
168,168,0,0,1,a1652089a165208a,1,1,0,1,0,0,0000000000000000
169,169,0,0,1,a165208aa165208b,1,1,0,1,0,0,0000000000000000
170,170,0,0,1,a165208ba165208c,1,1,0,1,0,0,0000000000000000
171,171,0,0,1,a165208ca165208d,1,1,0,1,0,0,0000000000000000
172,172,0,0,1,a165208da165208e,1,1,0,1,0,0,0000000000000000
173,173,0,0,1,a165208ea165208f,1,1,0,1,0,0,0000000000000000
174,174,0,0,1,a165208fa1652090,1,1,0,1,0,0,0000000000000000
175,175,0,0,1,a1652090a1652091,1,1,0,1,0,0,0000000000000000
176,176,0,0,1,a1652091a1652092,1,1,0,1,0,0,0000000000000000
177,177,0,0,1,a1652092a1652093,1,1,0,1,0,0,0000000000000000
178,178,0,0,1,a1652093a1652094,1,1,0,1,0,0,0000000000000000
179,179,0,0,1,a1652094a1652095,1,1,0,1,0,0,0000000000000000
180,180,0,0,1,a1652095a1652096,1,1,0,1,0,0,0000000000000000
181,181,0,0,1,a1652096a1652097,1,1,0,1,0,0,0000000000000000
182,182,0,0,1,a1652097a1652098,1,1,0,1,0,0,0000000000000000
183,183,0,0,1,a1652098a1652099,1,1,0,1,0,0,0000000000000000
184,184,0,1,1,a1652099a165209a,1,1,0,1,0,0,0000000000000000
185,185,0,1,1,a165209aa165209b,1,1,0,1,0,0,0000000000000000
186,186,0,1,1,a165209ba165209c,1,1,0,1,0,0,0000000000000000
187,187,0,1,1,a165209ca165209d,1,1,0,1,0,0,0000000000000000
188,188,0,1,1,a165209da165209e,1,1,0,1,0,0,0000000000000000
189,189,0,1,1,a165209ea165209f,1,1,0,1,0,0,0000000000000000
190,190,0,1,1,a165209fa16520a0,1,1,0,1,0,0,0000000000000000
191,191,0,1,1,a16520a0a16520a1,1,1,0,1,0,0,0000000000000000
192,192,0,1,1,a16520a1a16520a2,1,1,0,1,0,0,0000000000000000
193,193,0,1,1,a16520a2a16520a3,1,1,0,1,0,0,0000000000000000
194,194,0,1,1,a16520a3a16520a4,1,1,0,1,0,0,0000000000000000
195,195,0,1,1,a16520a4a16520a5,1,1,0,1,0,0,0000000000000000
196,196,0,1,1,a16520a5a16520a6,1,1,0,1,0,0,0000000000000000
197,197,0,1,1,a16520a6a16520a7,1,1,0,1,0,0,0000000000000000
198,198,0,1,1,a16520a7a16520a8,1,1,0,1,0,0,0000000000000000
199,199,0,1,1,a16520a8a16520a9,1,1,0,1,0,0,0000000000000000
200,200,0,0,1,a16520a9a16520aa,1,1,0,1,0,0,0000000000000000
201,201,0,0,1,a16520aaa16520ab,1,1,0,1,0,0,0000000000000000
202,202,0,0,1,a16520aba16520ac,1,1,0,1,0,0,0000000000000000
203,203,0,0,1,a16520aca16520ad,1,1,0,1,0,0,0000000000000000
204,204,0,0,1,a16520ada16520ae,1,1,0,1,0,0,0000000000000000
205,205,0,0,1,a16520aea16520af,1,1,0,1,0,0,0000000000000000
206,206,0,0,1,a16520afa16520b0,1,1,0,1,0,0,0000000000000000
207,207,0,0,1,a16520b0a16520b1,1,1,0,1,0,0,0000000000000000
208,208,0,0,1,a16520b1a16520b2,1,1,0,1,0,0,0000000000000000
209,209,0,0,1,a16520b2a16520b3,1,1,0,1,0,0,0000000000000000
210,210,0,0,1,a16520b3a16520b4,1,1,0,1,0,0,0000000000000000
211,211,0,0,1,a16520b4a16520b5,1,1,0,1,0,0,0000000000000000
212,212,0,0,1,a16520b5a16520b6,1,1,0,1,0,0,0000000000000000
213,213,0,0,1,a16520b6a16520b7,1,1,0,1,0,0,0000000000000000
214,214,0,0,1,a16520b7a16520b8,1,1,0,1,0,0,0000000000000000
215,215,0,0,1,a16520b8a16520b9,1,1,0,1,0,0,0000000000000000
216,216,0,1,1,a16520b9a16520ba,1,1,0,1,0,0,0000000000000000
217,217,0,1,1,a16520baa16520bb,1,1,0,1,0,0,0000000000000000
218,218,0,1,1,a16520bba16520bc,1,1,0,1,0,0,0000000000000000
219,219,0,1,1,a16520bca16520bd,1,1,0,1,0,0,0000000000000000
220,220,0,1,1,a16520bda16520be,1,1,0,1,0,0,0000000000000000
221,221,0,1,1,a16520bea16520bf,1,1,0,1,0,0,0000000000000000
222,222,0,1,1,a16520bfa16520c0,1,1,0,1,0,0,0000000000000000
223,223,0,1,1,a16520c0a16520c1,1,1,0,1,0,0,0000000000000000
224,224,0,1,1,a16520c1a16520c2,1,1,0,1,0,0,0000000000000000
225,225,0,1,1,a16520c2a16520c3,1,1,0,1,0,0,0000000000000000
226,226,0,1,1,a16520c3a16520c4,1,1,0,1,0,0,0000000000000000
227,227,0,1,1,a16520c4a16520c5,1,1,0,1,0,0,0000000000000000
228,228,0,1,1,a16520c5a16520c6,1,1,0,1,0,0,0000000000000000
229,229,0,1,1,a16520c6a16520c7,1,1,0,1,0,0,0000000000000000
230,230,0,1,1,a16520c7a16520c8,1,1,0,1,0,0,0000000000000000
231,231,0,1,1,a16520c8a16520c9,1,1,0,1,0,0,0000000000000000
232,232,0,0,1,a16520c9a16520ca,1,1,0,1,0,0,0000000000000000
233,233,0,0,1,a16520caa16520cb,1,1,0,1,0,0,0000000000000000
234,234,0,0,1,a16520cba16520cc,1,1,0,1,0,0,0000000000000000
235,235,0,0,1,a16520cca16520cd,1,1,0,1,0,0,0000000000000000
236,236,0,0,1,a16520cda16520ce,1,1,0,1,0,0,0000000000000000
237,237,0,0,1,a16520cea16520cf,1,1,0,1,0,0,0000000000000000
238,238,0,0,1,a16520cfa16520d0,1,1,0,1,0,0,0000000000000000
239,239,0,0,1,a16520d0a16520d1,1,1,0,1,0,0,0000000000000000
240,240,0,0,1,a16520d1a16520d2,1,1,0,1,0,0,0000000000000000
241,241,0,0,1,a16520d2a16520d3,1,1,0,1,0,0,0000000000000000
242,242,0,0,1,a16520d3a16520d4,1,1,0,1,0,0,0000000000000000
243,243,0,0,1,a16520d4a16520d5,1,1,0,1,0,0,0000000000000000
244,244,0,0,1,a16520d5a16520d6,1,1,0,1,0,0,0000000000000000
245,245,0,0,1,a16520d6a16520d7,1,1,0,1,0,0,0000000000000000
246,246,0,0,1,a16520d7a16520d8,1,1,0,1,0,0,0000000000000000
247,247,0,0,1,a16520d8a16520d9,1,1,0,1,0,0,0000000000000000
248,248,0,1,1,a16520d9a16520da,1,1,0,1,0,0,0000000000000000
249,249,0,1,1,a16520daa16520db,1,1,0,1,0,0,0000000000000000
250,250,0,1,1,a16520dba16520dc,1,1,0,1,0,0,0000000000000000
251,251,0,1,1,a16520dca16520dd,1,1,0,1,0,0,0000000000000000
252,252,0,1,1,a16520dda16520de,1,1,0,1,0,0,0000000000000000
253,253,0,1,1,a16520dea16520df,1,1,0,1,0,0,0000000000000000
254,254,0,1,1,a16520dfa16520e0,1,1,0,1,0,0,0000000000000000
255,255,0,1,1,a16520e0a16520e1,1,1,0,1,0,0,0000000000000000
256,256,0,1,1,a16520e1a16520e2,1,1,0,1,0,0,0000000000000000
257,257,0,1,1,a16520e2a16520e3,1,1,0,1,0,0,0000000000000000
258,258,0,1,1,a16520e3a16520e4,1,1,0,1,0,0,0000000000000000
259,259,0,1,1,a16520e4a16520e5,1,1,0,1,0,0,0000000000000000
260,260,0,1,1,a16520e5a16520e6,1,1,0,1,0,0,0000000000000000
261,261,0,1,1,a16520e6a16520e7,1,1,0,1,0,0,0000000000000000
262,262,0,1,1,a16520e7a16520e8,1,1,0,1,0,0,0000000000000000
263,263,0,1,1,a16520e8a16520e9,1,1,0,1,0,0,0000000000000000
264,264,0,0,1,a16520e9a16520ea,1,1,0,1,0,0,0000000000000000
265,265,0,0,1,a16520eaa16520eb,1,1,0,1,0,0,0000000000000000
266,266,0,0,1,a16520eba16520ec,1,1,0,1,0,0,0000000000000000
267,267,0,0,1,a16520eca16520ed,1,1,0,1,0,0,0000000000000000
268,268,0,0,1,a16520eda16520ee,1,1,0,1,0,0,0000000000000000
269,269,0,0,1,a16520eea16520ef,1,1,0,1,0,0,0000000000000000
270,270,0,0,1,a16520efa16520f0,1,1,0,1,0,0,0000000000000000
271,271,0,0,1,a16520f0a16520f1,1,1,0,1,0,0,0000000000000000
272,272,0,0,1,a16520f1a16520f2,1,1,0,1,0,0,0000000000000000
273,273,0,0,1,a16520f2a16520f3,1,1,0,1,0,0,0000000000000000
274,274,0,0,1,a16520f3a16520f4,1,1,0,1,0,0,0000000000000000
275,275,0,0,1,a16520f4a16520f5,1,1,0,1,0,0,0000000000000000
276,276,0,0,1,a16520f5a16520f6,1,1,0,1,0,0,0000000000000000
277,277,0,0,1,a16520f6a16520f7,1,1,0,1,0,0,0000000000000000
278,278,0,0,1,a16520f7a16520f8,1,1,0,1,0,0,0000000000000000
279,279,0,0,1,a16520f8a16520f9,1,1,0,1,0,0,0000000000000000
280,280,0,1,1,a16520f9a16520fa,1,1,0,1,0,0,0000000000000000
281,281,0,1,1,a16520faa16520fb,1,1,0,1,0,0,0000000000000000
282,282,0,1,1,a16520fba16520fc,1,1,0,1,0,0,0000000000000000
283,283,0,1,1,a16520fca16520fd,1,1,0,1,0,0,0000000000000000
284,284,0,1,1,a16520fda16520fe,1,1,0,1,0,0,0000000000000000
285,285,0,1,1,a16520fea16520ff,1,1,0,1,0,0,0000000000000000
286,286,0,1,1,a16520ffa1652100,1,1,0,1,0,0,0000000000000000
287,287,0,1,1,a1652100a1652101,1,1,0,1,0,0,0000000000000000
288,288,0,1,1,a1652101a1652102,1,1,0,1,0,0,0000000000000000
289,289,0,1,1,a1652102a1652103,1,1,0,1,0,0,0000000000000000
290,290,0,1,1,a1652103a1652104,1,1,0,1,0,0,0000000000000000
291,291,0,1,1,a1652104a1652105,1,1,0,1,0,0,0000000000000000
292,292,0,1,1,a1652105a1652106,1,1,0,1,0,0,0000000000000000
293,293,0,1,1,a1652106a1652107,1,1,0,1,0,0,0000000000000000
294,294,0,1,1,a1652107a1652108,1,1,0,1,0,0,0000000000000000
295,295,0,1,1,a1652108a1652109,1,1,0,1,0,0,0000000000000000
296,296,0,0,1,a1652109a165210a,1,1,0,1,0,0,0000000000000000
297,297,0,0,1,a165210aa165210b,1,1,0,1,0,0,0000000000000000
298,298,0,0,1,a165210ba165210c,1,1,0,1,0,0,0000000000000000
299,299,0,0,1,a165210ca165210d,1,1,0,1,0,0,0000000000000000
300,300,0,0,1,a165210da165210e,1,1,0,1,0,0,0000000000000000
301,301,0,0,1,a165210ea165210f,1,1,0,1,0,0,0000000000000000
302,302,0,0,1,a165210fa1652110,1,1,0,1,0,0,0000000000000000
303,303,0,0,1,a1652110a1652111,1,1,0,1,0,0,0000000000000000
304,304,0,0,1,a1652111a1652112,1,1,0,1,0,0,0000000000000000
305,305,0,0,1,a1652112a1652113,1,1,0,1,0,0,0000000000000000
306,306,0,0,1,a1652113a1652114,1,1,0,1,0,0,0000000000000000
307,307,0,0,1,a1652114a1652115,1,1,0,1,0,0,0000000000000000
308,308,0,0,1,a1652115a1652116,1,1,0,1,0,0,0000000000000000
309,309,0,0,1,a1652116a1652117,1,1,0,1,0,0,0000000000000000
310,310,0,0,1,a1652117a1652118,1,1,0,1,0,0,0000000000000000
311,311,0,0,1,a1652118a1652119,1,1,0,1,0,0,0000000000000000
312,312,0,1,1,a1652119a165211a,1,1,0,1,0,0,0000000000000000
313,313,0,1,1,a165211aa165211b,1,1,0,1,0,0,0000000000000000
314,314,0,1,1,a165211ba165211c,1,1,0,1,0,0,0000000000000000
315,315,0,1,1,a165211ca165211d,1,1,0,1,0,0,0000000000000000
316,316,0,1,1,a165211da165211e,1,1,0,1,0,0,0000000000000000
317,317,0,1,1,a165211ea165211f,1,1,0,1,0,0,0000000000000000
318,318,0,1,1,a165211fa1652120,1,1,0,1,0,0,0000000000000000
319,319,0,1,1,a1652120a1652121,1,1,0,1,0,0,0000000000000000
320,320,0,1,1,a1652121a1652122,1,1,0,1,0,0,0000000000000000
321,321,0,1,1,a1652122a1652123,1,1,0,1,0,0,0000000000000000
322,322,0,1,1,a1652123a1652124,1,1,0,1,0,0,0000000000000000
323,323,0,1,1,a1652124a1652125,1,1,0,1,0,0,0000000000000000
324,324,0,1,1,a1652125a1652126,1,1,0,1,0,0,0000000000000000
325,325,0,1,1,a1652126a1652127,1,1,0,1,0,0,0000000000000000
326,326,0,1,1,a1652127a1652128,1,1,0,1,0,0,0000000000000000
327,327,0,1,1,a1652128a1652129,1,1,0,1,0,0,0000000000000000
328,328,0,0,1,a1652129a165212a,1,1,0,1,0,0,0000000000000000
329,329,0,0,1,a165212aa165212b,1,1,0,1,0,0,0000000000000000
330,330,0,0,1,a165212ba165212c,1,1,0,1,0,0,0000000000000000
331,331,0,0,1,a165212ca165212d,1,1,0,1,0,0,0000000000000000
332,332,0,0,1,a165212da165212e,1,1,0,1,0,0,0000000000000000
333,333,0,0,1,a165212ea165212f,1,1,0,1,0,0,0000000000000000
334,334,0,0,1,a165212fa1652130,1,1,0,1,0,0,0000000000000000
335,335,0,0,1,a1652130a1652131,1,1,0,1,0,0,0000000000000000
336,336,0,0,1,a1652131a1652132,1,1,0,1,0,0,0000000000000000
337,337,0,0,1,a1652132a1652133,1,1,0,1,0,0,0000000000000000
338,338,0,0,1,a1652133a1652134,1,1,0,1,0,0,0000000000000000
339,339,0,0,1,a1652134a1652135,1,1,0,1,0,0,0000000000000000
340,340,0,0,1,a1652135a1652136,1,1,0,1,0,0,0000000000000000
341,341,0,0,1,a1652136a1652137,1,1,0,1,0,0,0000000000000000
342,342,0,0,1,a1652137a1652138,1,1,0,1,0,0,0000000000000000
343,343,0,0,1,a1652138a1652139,1,1,0,1,0,0,0000000000000000
344,344,0,1,1,a1652139a165213a,1,1,0,1,0,0,0000000000000000
345,345,0,1,1,a165213aa165213b,1,1,0,1,0,0,0000000000000000
346,346,0,1,1,a165213ba165213c,1,1,0,1,0,0,0000000000000000
347,347,0,1,1,a165213ca165213d,1,1,0,1,0,0,0000000000000000
348,348,0,1,1,a165213da165213e,1,1,0,1,0,0,0000000000000000
349,349,0,1,1,a165213ea165213f,1,1,0,1,0,0,0000000000000000
350,350,0,1,1,a165213fa1652140,1,1,0,1,0,0,0000000000000000
351,351,0,1,1,a1652140a1652141,1,1,0,1,0,0,0000000000000000
352,352,0,1,1,a1652141a1652142,1,1,0,1,0,0,0000000000000000
353,353,0,1,1,a1652142a1652143,1,1,0,1,0,0,0000000000000000
354,354,0,1,1,a1652143a1652144,1,1,0,1,0,0,0000000000000000
355,355,0,1,1,a1652144a1652145,1,1,0,1,0,0,0000000000000000
356,356,0,1,1,a1652145a1652146,1,1,0,1,0,0,0000000000000000
357,357,0,1,1,a1652146a1652147,1,1,0,1,0,0,0000000000000000
358,358,0,1,1,a1652147a1652148,1,1,0,1,0,0,0000000000000000
359,359,0,1,1,a1652148a1652149,1,1,0,1,0,0,0000000000000000
360,360,0,0,1,a1652149a165214a,1,1,0,1,0,0,0000000000000000
361,361,0,0,1,a165214aa165214b,1,1,0,1,0,0,0000000000000000
362,362,0,0,1,a165214ba165214c,1,1,0,1,0,0,0000000000000000
363,363,0,0,1,a165214ca165214d,1,1,0,1,0,0,0000000000000000
364,364,0,0,1,a165214da165214e,1,1,0,1,0,0,0000000000000000
365,365,0,0,1,a165214ea165214f,1,1,0,1,0,0,0000000000000000
366,366,0,0,1,a165214fa1652150,1,1,0,1,0,0,0000000000000000
367,367,0,0,1,a1652150a1652151,1,1,0,1,0,0,0000000000000000
368,368,0,0,1,a1652151a1652152,1,1,0,1,0,0,0000000000000000
369,369,0,0,1,a1652152a1652153,1,1,0,1,0,0,0000000000000000
370,370,0,0,1,a1652153a1652154,1,1,0,1,0,0,0000000000000000
371,371,0,0,1,a1652154a1652155,1,1,0,1,0,0,0000000000000000
372,372,0,0,1,a1652155a1652156,1,1,0,1,0,0,0000000000000000
373,373,0,0,1,a1652156a1652157,1,1,0,1,0,0,0000000000000000
374,374,0,0,1,a1652157a1652158,1,1,0,1,0,0,0000000000000000
375,375,0,0,1,a1652158a1652159,1,1,0,1,0,0,0000000000000000
376,376,0,1,1,a1652159a165215a,1,1,0,1,0,0,0000000000000000
377,377,0,1,1,a165215aa165215b,1,1,0,1,0,0,0000000000000000
378,378,0,1,1,a165215ba165215c,1,1,0,1,0,0,0000000000000000
379,379,0,1,1,a165215ca165215d,1,1,0,1,0,0,0000000000000000
380,380,0,1,1,a165215da165215e,1,1,0,1,0,0,0000000000000000
381,381,0,1,1,a165215ea165215f,1,1,0,1,0,0,0000000000000000
382,382,0,1,1,a165215fa1652160,1,1,0,1,0,0,0000000000000000
383,383,0,1,1,a1652160a1652161,1,1,0,1,0,0,0000000000000000
384,384,0,1,1,a1652161a1652162,1,1,0,1,0,0,0000000000000000
385,385,0,1,1,a1652162a1652163,1,1,0,1,0,0,0000000000000000
386,386,0,1,1,a1652163a1652164,1,1,0,1,0,0,0000000000000000
387,387,0,1,1,a1652164a1652165,1,1,0,1,0,0,0000000000000000
388,388,0,1,1,a1652165a1652166,1,1,0,1,0,0,0000000000000000
389,389,0,1,1,a1652166a1652167,1,1,0,1,0,0,0000000000000000
390,390,0,1,1,a1652167a1652168,1,1,0,1,0,0,0000000000000000
391,391,0,1,1,a1652168a1652169,1,1,0,1,0,0,0000000000000000
392,392,0,0,1,a1652169a165216a,1,1,0,1,0,0,0000000000000000
393,393,0,0,1,a165216aa165216b,1,1,0,1,0,0,0000000000000000
394,394,0,0,1,a165216ba165216c,1,1,0,1,0,0,0000000000000000
395,395,0,0,1,a165216ca165216d,1,1,0,1,0,0,0000000000000000
396,396,0,0,1,a165216da165216e,1,1,0,1,0,0,0000000000000000
397,397,0,0,1,a165216ea165216f,1,1,0,1,0,0,0000000000000000
398,398,0,0,1,a165216fa1652170,1,1,0,1,0,0,0000000000000000
399,399,0,0,1,a1652170a1652171,1,1,0,1,0,0,0000000000000000
400,400,0,0,1,a1652171a1652172,1,1,0,1,0,0,0000000000000000
401,401,0,0,1,a1652172a1652173,1,1,0,1,0,0,0000000000000000
402,402,0,0,1,a1652173a1652174,1,1,0,1,0,0,0000000000000000
403,403,0,0,1,a1652174a1652175,1,1,0,1,0,0,0000000000000000
404,404,0,0,1,a1652175a1652176,1,1,0,1,0,0,0000000000000000
405,405,0,0,1,a1652176a1652177,1,1,0,1,0,0,0000000000000000
406,406,0,0,1,a1652177a1652178,1,1,0,1,0,0,0000000000000000
407,407,0,0,1,a1652178a1652179,1,1,0,1,0,0,0000000000000000
408,408,0,1,1,a1652179a165217a,1,1,0,1,0,0,0000000000000000
409,409,0,1,1,a165217aa165217b,1,1,0,1,0,0,0000000000000000
410,410,0,1,1,a165217ba165217c,1,1,0,1,0,0,0000000000000000
411,411,0,1,1,a165217ca165217d,1,1,0,1,0,0,0000000000000000
412,412,0,1,1,a165217da165217e,1,1,0,1,0,0,0000000000000000
413,413,0,1,1,a165217ea165217f,1,1,0,1,0,0,0000000000000000
414,414,0,1,1,a165217fa1652180,1,1,0,1,0,0,0000000000000000
415,415,0,1,1,a1652180a1652181,1,1,0,1,0,0,0000000000000000
416,416,0,1,1,a1652181a1652182,1,1,0,1,0,0,0000000000000000
417,417,0,1,1,a1652182a1652183,1,1,0,1,0,0,0000000000000000
418,418,0,1,1,a1652183a1652184,1,1,0,1,0,0,0000000000000000
419,419,0,1,1,a1652184a1652185,1,1,0,1,0,0,0000000000000000
420,420,0,1,1,a1652185a1652186,1,1,0,1,0,0,0000000000000000
421,421,0,1,1,a1652186a1652187,1,1,0,1,0,0,0000000000000000
422,422,0,1,1,a1652187a1652188,1,1,0,1,0,0,0000000000000000
423,423,0,1,1,a1652188a1652189,1,1,0,1,0,0,0000000000000000
424,424,0,0,1,a1652189a165218a,1,1,0,1,0,0,0000000000000000
425,425,0,0,1,a165218aa165218b,1,1,0,1,0,0,0000000000000000
426,426,0,0,1,a165218ba165218c,1,1,0,1,0,0,0000000000000000
427,427,0,0,1,a165218ca165218d,1,1,0,1,0,0,0000000000000000
428,428,0,0,1,a165218da165218e,1,1,0,1,0,0,0000000000000000
429,429,0,0,1,a165218ea165218f,1,1,0,1,0,0,0000000000000000
430,430,0,0,1,a165218fa1652190,1,1,0,1,0,0,0000000000000000
431,431,0,0,1,a1652190a1652191,1,1,0,1,0,0,0000000000000000
432,432,0,0,1,a1652191a1652192,1,1,0,1,0,0,0000000000000000
433,433,0,0,1,a1652192a1652193,1,1,0,1,0,0,0000000000000000
434,434,0,0,1,a1652193a1652194,1,1,0,1,0,0,0000000000000000
435,435,0,0,1,a1652194a1652195,1,1,0,1,0,0,0000000000000000
436,436,0,0,1,a1652195a1652196,1,1,0,1,0,0,0000000000000000
437,437,0,0,1,a1652196a1652197,1,1,0,1,0,0,0000000000000000
438,438,0,0,1,a1652197a1652198,1,1,0,1,0,0,0000000000000000
439,439,0,0,1,a1652198a1652199,1,1,0,1,0,0,0000000000000000
440,440,0,1,1,a1652199a165219a,1,1,0,1,0,0,0000000000000000
441,441,0,1,1,a165219aa165219b,1,1,0,1,0,0,0000000000000000
442,442,0,1,1,a165219ba165219c,1,1,0,1,0,0,0000000000000000
443,443,0,1,1,a165219ca165219d,1,1,0,1,0,0,0000000000000000
444,444,0,1,1,a165219da165219e,1,1,0,1,0,0,0000000000000000
445,445,0,1,1,a165219ea165219f,1,1,0,1,0,0,0000000000000000
446,446,0,1,1,a165219fa16521a0,1,1,0,1,0,0,0000000000000000
447,447,0,1,1,a16521a0a16521a1,1,1,0,1,0,0,0000000000000000
448,448,0,1,1,a16521a1a16521a2,1,1,0,1,0,0,0000000000000000
449,449,0,1,1,a16521a2a16521a3,1,1,0,1,0,0,0000000000000000
450,450,0,1,1,a16521a3a16521a4,1,1,0,1,0,0,0000000000000000
451,451,0,1,1,a16521a4a16521a5,1,1,0,1,0,0,0000000000000000
452,452,0,1,1,a16521a5a16521a6,1,1,0,1,0,0,0000000000000000
453,453,0,1,1,a16521a6a16521a7,1,1,0,1,0,0,0000000000000000
454,454,0,1,1,a16521a7a16521a8,1,1,0,1,0,0,0000000000000000
455,455,0,1,1,a16521a8a16521a9,1,1,0,1,0,0,0000000000000000
456,456,0,0,1,a16521a9a16521aa,1,1,0,1,0,0,0000000000000000
457,457,0,0,1,a16521aaa16521ab,1,1,0,1,0,0,0000000000000000
458,458,0,0,1,a16521aba16521ac,1,1,0,1,0,0,0000000000000000
459,459,0,0,1,a16521aca16521ad,1,1,0,1,0,0,0000000000000000
460,460,0,0,1,a16521ada16521ae,1,1,0,1,0,0,0000000000000000
461,461,0,0,1,a16521aea16521af,1,1,0,1,0,0,0000000000000000
462,462,0,0,1,a16521afa16521b0,1,1,0,1,0,0,0000000000000000
463,463,0,0,1,a16521b0a16521b1,1,1,0,1,0,0,0000000000000000
464,464,0,0,1,a16521b1a16521b2,1,1,0,1,0,0,0000000000000000
465,465,0,0,1,a16521b2a16521b3,1,1,0,1,0,0,0000000000000000
466,466,0,0,1,a16521b3a16521b4,1,1,0,1,0,0,0000000000000000
467,467,0,0,1,a16521b4a16521b5,1,1,0,1,0,0,0000000000000000
468,468,0,0,1,a16521b5a16521b6,1,1,0,1,0,0,0000000000000000
469,469,0,0,1,a16521b6a16521b7,1,1,0,1,0,0,0000000000000000
470,470,0,0,1,a16521b7a16521b8,1,1,0,1,0,0,0000000000000000
471,471,0,0,1,a16521b8a16521b9,1,1,0,1,0,0,0000000000000000
472,472,0,1,1,a16521b9a16521ba,1,1,0,1,0,0,0000000000000000
473,473,0,1,1,a16521baa16521bb,1,1,0,1,0,0,0000000000000000
474,474,0,1,1,a16521bba16521bc,1,1,0,1,0,0,0000000000000000
475,475,0,1,1,a16521bca16521bd,1,1,0,1,0,0,0000000000000000
476,476,0,1,1,a16521bda16521be,1,1,0,1,0,0,0000000000000000
477,477,0,1,1,a16521bea16521bf,1,1,0,1,0,0,0000000000000000
478,478,0,1,1,a16521bfa16521c0,1,1,0,1,0,0,0000000000000000
479,479,0,1,1,a16521c0a16521c1,1,1,0,1,0,0,0000000000000000
480,480,0,1,1,a16521c1a16521c2,1,1,0,1,0,0,0000000000000000
481,481,0,1,1,a16521c2a16521c3,1,1,0,1,0,0,0000000000000000
482,482,0,1,1,a16521c3a16521c4,1,1,0,1,0,0,0000000000000000
483,483,0,1,1,a16521c4a16521c5,1,1,0,1,0,0,0000000000000000
484,484,0,1,1,a16521c5a16521c6,1,1,0,1,0,0,0000000000000000
485,485,0,1,1,a16521c6a16521c7,1,1,0,1,0,0,0000000000000000
486,486,0,1,1,a16521c7a16521c8,1,1,0,1,0,0,0000000000000000
487,487,0,1,1,a16521c8a16521c9,1,1,0,1,0,0,0000000000000000
488,488,0,0,1,a16521c9a16521ca,1,1,0,1,0,0,0000000000000000
489,489,0,0,1,a16521caa16521cb,1,1,0,1,0,0,0000000000000000
490,490,0,0,1,a16521cba16521cc,1,1,0,1,0,0,0000000000000000
491,491,0,0,1,a16521cca16521cd,1,1,0,1,0,0,0000000000000000
492,492,0,0,1,a16521cda16521ce,1,1,0,1,0,0,0000000000000000
493,493,0,0,1,a16521cea16521cf,1,1,0,1,0,0,0000000000000000
494,494,0,0,1,a16521cfa16521d0,1,1,0,1,0,0,0000000000000000
495,495,0,0,1,a16521d0a16521d1,1,1,0,1,0,0,0000000000000000
496,496,0,0,1,a16521d1a16521d2,1,1,0,1,0,0,0000000000000000
497,497,0,0,1,a16521d2a16521d3,1,1,0,1,0,0,0000000000000000
498,498,0,0,1,a16521d3a16521d4,1,1,0,1,0,0,0000000000000000
499,499,0,0,1,a16521d4a16521d5,1,1,0,1,0,0,0000000000000000
500,500,0,0,1,a16521d5a16521d6,1,1,0,1,0,0,0000000000000000
501,501,0,0,1,a16521d6a16521d7,1,1,0,1,0,0,0000000000000000
502,502,0,0,1,a16521d7a16521d8,1,1,0,1,0,0,0000000000000000
503,503,0,0,1,a16521d8a16521d9,1,1,0,1,0,0,0000000000000000
504,504,0,1,1,a16521d9a16521da,1,1,0,1,0,0,0000000000000000
505,505,0,1,1,a16521daa16521db,1,1,0,1,0,0,0000000000000000
506,506,0,1,1,a16521dba16521dc,1,1,0,1,0,0,0000000000000000
507,507,0,1,1,a16521dca16521dd,1,1,0,1,0,0,0000000000000000
508,508,0,1,1,a16521dda16521de,1,1,0,1,0,0,0000000000000000
509,509,0,1,1,a16521dea16521df,1,1,0,1,0,0,0000000000000000
510,510,0,1,1,a16521dfa16521e0,1,1,0,1,0,0,0000000000000000
511,511,0,1,1,a16521e0a16521e1,1,1,0,1,0,0,0000000000000000
512,512,0,1,1,a16521e1a16521e2,1,1,0,1,0,0,0000000000000000
513,513,0,1,1,a16521e2a16521e3,1,1,0,1,0,0,0000000000000000
514,514,0,1,1,a16521e3a16521e4,1,1,0,1,0,0,0000000000000000
515,515,0,1,1,a16521e4a16521e5,1,1,0,1,0,0,0000000000000000
516,516,0,1,1,a16521e5a16521e6,1,1,0,1,0,0,0000000000000000
517,517,0,1,1,a16521e6a16521e7,1,1,0,1,0,0,0000000000000000
518,518,0,1,1,a16521e7a16521e8,1,1,0,1,0,0,0000000000000000
519,519,0,1,1,a16521e8a16521e9,1,1,0,1,0,0,0000000000000000
520,520,0,0,1,a16521e9a16521ea,1,1,0,1,0,0,0000000000000000
521,521,0,0,1,a16521eaa16521eb,1,1,0,1,0,0,0000000000000000
522,522,0,0,1,a16521eba16521ec,1,1,0,1,0,0,0000000000000000
523,523,0,0,1,a16521eca16521ed,1,1,0,1,0,0,0000000000000000
524,524,0,0,1,a16521eda16521ee,1,1,0,1,0,0,0000000000000000
525,525,0,0,1,a16521eea16521ef,1,1,0,1,0,0,0000000000000000
526,526,0,0,1,a16521efa16521f0,1,1,0,1,0,0,0000000000000000
527,527,0,0,1,a16521f0a16521f1,1,1,0,1,0,0,0000000000000000
528,528,0,0,1,a16521f1a16521f2,1,1,0,1,0,0,0000000000000000
529,529,0,0,1,a16521f2a16521f3,1,1,0,1,0,0,0000000000000000
530,530,0,0,1,a16521f3a16521f4,1,1,0,1,0,0,0000000000000000
531,531,0,0,1,a16521f4a16521f5,1,1,0,1,0,0,0000000000000000
532,532,0,0,1,a16521f5a16521f6,1,1,0,1,0,0,0000000000000000
533,533,0,0,1,a16521f6a16521f7,1,1,0,1,0,0,0000000000000000
534,534,0,0,1,a16521f7a16521f8,1,1,0,1,0,0,0000000000000000
535,535,0,0,1,a16521f8a16521f9,1,1,0,1,0,0,0000000000000000
536,536,0,1,1,a16521f9a16521fa,1,1,0,1,0,0,0000000000000000
537,537,0,1,1,a16521faa16521fb,1,1,0,1,0,0,0000000000000000
538,538,0,1,1,a16521fba16521fc,1,1,0,1,0,0,0000000000000000
539,539,0,1,1,a16521fca16521fd,1,1,0,1,0,0,0000000000000000
540,540,0,1,1,a16521fda16521fe,1,1,0,1,0,0,0000000000000000
541,541,0,1,1,a16521fea16521ff,1,1,0,1,0,0,0000000000000000
542,542,0,1,1,a16521ffa1652200,1,1,0,1,0,0,0000000000000000
543,543,0,1,1,a1652200a1652201,1,1,0,1,0,0,0000000000000000
544,544,0,1,1,a1652201a1652202,1,1,0,1,0,0,0000000000000000
545,545,0,1,1,a1652202a1652203,1,1,0,1,0,0,0000000000000000
546,546,0,1,1,a1652203a1652204,1,1,0,1,0,0,0000000000000000
547,547,0,1,1,a1652204a1652205,1,1,0,1,0,0,0000000000000000
548,548,0,1,1,a1652205a1652206,1,1,0,1,0,0,0000000000000000
549,549,0,1,1,a1652206a1652207,1,1,0,1,0,0,0000000000000000
550,550,0,1,1,a1652207a1652208,1,1,0,1,0,0,0000000000000000
551,551,0,1,1,a1652208a1652209,1,1,0,1,0,0,0000000000000000
552,552,0,0,1,a1652209a165220a,1,1,0,1,0,0,0000000000000000
553,553,0,0,1,a165220aa165220b,1,1,0,1,0,0,0000000000000000
554,554,0,0,1,a165220ba165220c,1,1,0,1,0,0,0000000000000000
555,555,0,0,1,a165220ca165220d,1,1,0,1,0,0,0000000000000000
556,556,0,0,1,a165220da165220e,1,1,0,1,0,0,0000000000000000
557,557,0,0,1,a165220ea165220f,1,1,0,1,0,0,0000000000000000
558,558,0,0,1,a165220fa1652210,1,1,0,1,0,0,0000000000000000
559,559,0,0,1,a1652210a1652211,1,1,0,1,0,0,0000000000000000
560,560,0,0,1,a1652211a1652212,1,1,0,1,0,0,0000000000000000
561,561,0,0,1,a1652212a1652213,1,1,0,1,0,0,0000000000000000
562,562,0,0,1,a1652213a1652214,1,1,0,1,0,0,0000000000000000
563,563,0,0,1,a1652214a1652215,1,1,0,1,0,0,0000000000000000
564,564,0,0,1,a1652215a1652216,1,1,0,1,0,0,0000000000000000
565,565,0,0,1,a1652216a1652217,1,1,0,1,0,0,0000000000000000
566,566,0,0,1,a1652217a1652218,1,1,0,1,0,0,0000000000000000
567,567,0,0,1,a1652218a1652219,1,1,0,1,0,0,0000000000000000
568,568,0,1,1,a1652219a165221a,1,1,0,1,0,0,0000000000000000
569,569,0,1,1,a165221aa165221b,1,1,0,1,0,0,0000000000000000
570,570,0,1,1,a165221ba165221c,1,1,0,1,0,0,0000000000000000
571,571,0,1,1,a165221ca165221d,1,1,0,1,0,0,0000000000000000
572,572,0,1,1,a165221da165221e,1,1,0,1,0,0,0000000000000000
573,573,0,1,1,a165221ea165221f,1,1,0,1,0,0,0000000000000000
574,574,0,1,1,a165221fa1652220,1,1,0,1,0,0,0000000000000000
575,575,0,1,1,a1652220a1652221,1,1,0,1,0,0,0000000000000000
576,576,0,1,1,a1652221a1652222,1,1,0,1,0,0,0000000000000000
577,577,0,1,1,a1652222a1652223,1,1,0,1,0,0,0000000000000000
578,578,0,1,1,a1652223a1652224,1,1,0,1,0,0,0000000000000000
579,579,0,1,1,a1652224a1652225,1,1,0,1,0,0,0000000000000000
580,580,0,1,1,a1652225a1652226,1,1,0,1,0,0,0000000000000000
581,581,0,1,1,a1652226a1652227,1,1,0,1,0,0,0000000000000000
582,582,0,1,1,a1652227a1652228,1,1,0,1,0,0,0000000000000000
583,583,0,1,1,a1652228a1652229,1,1,0,1,0,0,0000000000000000
584,584,0,0,1,a1652229a165222a,1,1,0,1,0,0,0000000000000000
585,585,0,0,1,a165222aa165222b,1,1,0,1,0,0,0000000000000000
586,586,0,0,1,a165222ba165222c,1,1,0,1,0,0,0000000000000000
587,587,0,0,1,a165222ca165222d,1,1,0,1,0,0,0000000000000000
588,588,0,0,1,a165222da165222e,1,1,0,1,0,0,0000000000000000
589,589,0,0,1,a165222ea165222f,1,1,0,1,0,0,0000000000000000
590,590,0,0,1,a165222fa1652230,1,1,0,1,0,0,0000000000000000
591,591,0,0,1,a1652230a1652231,1,1,0,1,0,0,0000000000000000
592,592,0,0,1,a1652231a1652232,1,1,0,1,0,0,0000000000000000
593,593,0,0,1,a1652232a1652233,1,1,0,1,0,0,0000000000000000
594,594,0,0,1,a1652233a1652234,1,1,0,1,0,0,0000000000000000
595,595,0,0,1,a1652234a1652235,1,1,0,1,0,0,0000000000000000
596,596,0,0,1,a1652235a1652236,1,1,0,1,0,0,0000000000000000
597,597,0,0,1,a1652236a1652237,1,1,0,1,0,0,0000000000000000
598,598,0,0,1,a1652237a1652238,1,1,0,1,0,0,0000000000000000
599,599,0,0,1,a1652238a1652239,1,1,0,1,0,0,0000000000000000
600,600,0,1,1,a1652239a165223a,1,1,0,1,0,0,0000000000000000
601,601,0,1,1,a165223aa165223b,1,1,0,1,0,0,0000000000000000
602,602,0,1,1,a165223ba165223c,1,1,0,1,0,0,0000000000000000
603,603,0,1,1,a165223ca165223d,1,1,0,1,0,0,0000000000000000
604,604,0,1,1,a165223da165223e,1,1,0,1,0,0,0000000000000000
605,605,0,1,1,a165223ea165223f,1,1,0,1,0,0,0000000000000000
606,606,0,1,1,a165223fa1652240,1,1,0,1,0,0,0000000000000000
607,607,0,1,1,a1652240a1652241,1,1,0,1,0,0,0000000000000000
608,608,0,1,1,a1652241a1652242,1,1,0,1,0,0,0000000000000000
609,609,0,1,1,a1652242a1652243,1,1,0,1,0,0,0000000000000000
610,610,0,1,1,a1652243a1652244,1,1,0,1,0,0,0000000000000000
611,611,0,1,1,a1652244a1652245,1,1,0,1,0,0,0000000000000000
612,612,0,1,1,a1652245a1652246,1,1,0,1,0,0,0000000000000000
613,613,0,1,1,a1652246a1652247,1,1,0,1,0,0,0000000000000000
614,614,0,1,1,a1652247a1652248,1,1,0,1,0,0,0000000000000000
615,615,0,1,1,a1652248a1652249,1,1,0,1,0,0,0000000000000000
616,616,0,0,1,a1652249a165224a,1,1,0,1,0,0,0000000000000000
617,617,0,0,1,a165224aa165224b,1,1,0,1,0,0,0000000000000000
618,618,0,0,1,a165224ba165224c,1,1,0,1,0,0,0000000000000000
619,619,0,0,1,a165224ca165224d,1,1,0,1,0,0,0000000000000000
620,620,0,0,1,a165224da165224e,1,1,0,1,0,0,0000000000000000
621,621,0,0,1,a165224ea165224f,1,1,0,1,0,0,0000000000000000
622,622,0,0,1,a165224fa1652250,1,1,0,1,0,0,0000000000000000
623,623,0,0,1,a1652250a1652251,1,1,0,1,0,0,0000000000000000
624,624,0,0,1,a1652251a1652252,1,1,0,1,0,0,0000000000000000
625,625,0,0,1,a1652252a1652253,1,1,0,1,0,0,0000000000000000
626,626,0,0,1,a1652253a1652254,1,1,0,1,0,0,0000000000000000
627,627,0,0,1,a1652254a1652255,1,1,0,1,0,0,0000000000000000
628,628,0,0,1,a1652255a1652256,1,1,0,1,0,0,0000000000000000
629,629,0,0,1,a1652256a1652257,1,1,0,1,0,0,0000000000000000
630,630,0,0,1,a1652257a1652258,1,1,0,1,0,0,0000000000000000
631,631,0,0,1,a1652258a1652259,1,1,0,1,0,0,0000000000000000
632,632,0,1,1,a1652259a165225a,1,1,0,1,0,0,0000000000000000
633,633,0,1,1,a165225aa165225b,1,1,0,1,0,0,0000000000000000
634,634,0,1,1,a165225ba165225c,1,1,0,1,0,0,0000000000000000
635,635,0,1,1,a165225ca165225d,1,1,0,1,0,0,0000000000000000
636,636,0,1,1,a165225da165225e,1,1,0,1,0,0,0000000000000000
637,637,0,1,1,a165225ea165225f,1,1,0,1,0,0,0000000000000000
638,638,0,1,1,a165225fa1652260,1,1,0,1,0,0,0000000000000000
639,639,0,1,1,a1652260a1652261,1,1,0,1,0,0,0000000000000000
640,640,0,1,1,a1652261a1652262,1,1,0,1,0,0,0000000000000000
641,641,0,1,1,a1652262a1652263,1,1,0,1,0,0,0000000000000000
642,642,0,1,1,a1652263a1652264,1,1,0,1,0,0,0000000000000000
643,643,0,1,1,a1652264a1652265,1,1,0,1,0,0,0000000000000000
644,644,0,1,1,a1652265a1652266,1,1,0,1,0,0,0000000000000000
645,645,0,1,1,a1652266a1652267,1,1,0,1,0,0,0000000000000000
646,646,0,1,1,a1652267a1652268,1,1,0,1,0,0,0000000000000000
647,647,0,1,1,a1652268a1652269,1,1,0,1,0,0,0000000000000000
648,648,0,0,1,a1652269a165226a,1,1,0,1,0,0,0000000000000000
649,649,0,0,1,a165226aa165226b,1,1,0,1,0,0,0000000000000000
650,650,0,0,1,a165226ba165226c,1,1,0,1,0,0,0000000000000000
651,651,0,0,1,a165226ca165226d,1,1,0,1,0,0,0000000000000000
652,652,0,0,1,a165226da165226e,1,1,0,1,0,0,0000000000000000
653,653,0,0,1,a165226ea165226f,1,1,0,1,0,0,0000000000000000
654,654,0,0,1,a165226fa1652270,1,1,0,1,0,0,0000000000000000
655,655,0,0,1,a1652270a1652271,1,1,0,1,0,0,0000000000000000
656,656,0,0,1,a1652271a1652272,1,1,0,1,0,0,0000000000000000
657,657,0,0,1,a1652272a1652273,1,1,0,1,0,0,0000000000000000
658,658,0,0,1,a1652273a1652274,1,1,0,1,0,0,0000000000000000
659,659,0,0,1,a1652274a1652275,1,1,0,1,0,0,0000000000000000
660,660,0,0,1,a1652275a1652276,1,1,0,1,0,0,0000000000000000
661,661,0,0,1,a1652276a1652277,1,1,0,1,0,0,0000000000000000
662,662,0,0,1,a1652277a1652278,1,1,0,1,0,0,0000000000000000
663,663,0,0,1,a1652278a1652279,1,1,0,1,0,0,0000000000000000
664,664,0,1,1,a1652279a165227a,1,1,0,1,0,0,0000000000000000
665,665,0,1,1,a165227aa165227b,1,1,0,1,0,0,0000000000000000
666,666,0,1,1,a165227ba165227c,1,1,0,1,0,0,0000000000000000
667,667,0,1,1,a165227ca165227d,1,1,0,1,0,0,0000000000000000
668,668,0,1,1,a165227da165227e,1,1,0,1,0,0,0000000000000000
669,669,0,1,1,a165227ea165227f,1,1,0,1,0,0,0000000000000000
670,670,0,1,1,a165227fa1652280,1,1,0,1,0,0,0000000000000000
671,671,0,1,1,a1652280a1652281,1,1,0,1,0,0,0000000000000000
672,672,0,1,1,a1652281a1652282,1,1,0,1,0,0,0000000000000000
673,673,0,1,1,a1652282a1652283,1,1,0,1,0,0,0000000000000000
674,674,0,1,1,a1652283a1652284,1,1,0,1,0,0,0000000000000000
675,675,0,1,1,a1652284a1652285,1,1,0,1,0,0,0000000000000000
676,676,0,1,1,a1652285a1652286,1,1,0,1,0,0,0000000000000000
677,677,0,1,1,a1652286a1652287,1,1,0,1,0,0,0000000000000000
678,678,0,1,1,a1652287a1652288,1,1,0,1,0,0,0000000000000000
679,679,0,1,1,a1652288a1652289,1,1,0,1,0,0,0000000000000000
680,680,0,0,1,a1652289a165228a,1,1,0,1,0,0,0000000000000000
681,681,0,0,1,a165228aa165228b,1,1,0,1,0,0,0000000000000000
682,682,0,0,1,a165228ba165228c,1,1,0,1,0,0,0000000000000000
683,683,0,0,1,a165228ca165228d,1,1,0,1,0,0,0000000000000000
684,684,0,0,1,a165228da165228e,1,1,0,1,0,0,0000000000000000
685,685,0,0,1,a165228ea165228f,1,1,0,1,0,0,0000000000000000
686,686,0,0,1,a165228fa1652290,1,1,0,1,0,0,0000000000000000
687,687,0,0,1,a1652290a1652291,1,1,0,1,0,0,0000000000000000
688,688,0,0,1,a1652291a1652292,1,1,0,1,0,0,0000000000000000
689,689,0,0,1,a1652292a1652293,1,1,0,1,0,0,0000000000000000
690,690,0,0,1,a1652293a1652294,1,1,0,1,0,0,0000000000000000
691,691,0,0,1,a1652294a1652295,1,1,0,1,0,0,0000000000000000
692,692,0,0,1,a1652295a1652296,1,1,0,1,0,0,0000000000000000
693,693,0,0,1,a1652296a1652297,1,1,0,1,0,0,0000000000000000
694,694,0,0,1,a1652297a1652298,1,1,0,1,0,0,0000000000000000
695,695,0,0,1,a1652298a1652299,1,1,0,1,0,0,0000000000000000
696,696,0,1,1,a1652299a165229a,1,1,0,1,0,0,0000000000000000
697,697,0,1,1,a165229aa165229b,1,1,0,1,0,0,0000000000000000
698,698,0,1,1,a165229ba165229c,1,1,0,1,0,0,0000000000000000
699,699,0,1,1,a165229ca165229d,1,1,0,1,0,0,0000000000000000
700,700,0,1,1,a165229da165229e,1,1,0,1,0,0,0000000000000000
701,701,0,1,1,a165229ea165229f,1,1,0,1,0,0,0000000000000000
702,702,0,1,1,a165229fa16522a0,1,1,0,1,0,0,0000000000000000
703,703,0,1,1,a16522a0a16522a1,1,1,0,1,0,0,0000000000000000
704,704,0,1,1,a16522a1a16522a2,1,1,0,1,0,0,0000000000000000
705,705,0,1,1,a16522a2a16522a3,1,1,0,1,0,0,0000000000000000
706,706,0,1,1,a16522a3a16522a4,1,1,0,1,0,0,0000000000000000
707,707,0,1,1,a16522a4a16522a5,1,1,0,1,0,0,0000000000000000
708,708,0,1,1,a16522a5a16522a6,1,1,0,1,0,0,0000000000000000
709,709,0,1,1,a16522a6a16522a7,1,1,0,1,0,0,0000000000000000
710,710,0,1,1,a16522a7a16522a8,1,1,0,1,0,0,0000000000000000
711,711,0,1,1,a16522a8a16522a9,1,1,0,1,0,0,0000000000000000
712,712,0,0,1,a16522a9a16522aa,1,1,0,1,0,0,0000000000000000
713,713,0,0,1,a16522aaa16522ab,1,1,0,1,0,0,0000000000000000
714,714,0,0,1,a16522aba16522ac,1,1,0,1,0,0,0000000000000000
715,715,0,0,1,a16522aca16522ad,1,1,0,1,0,0,0000000000000000
716,716,0,0,1,a16522ada16522ae,1,1,0,1,0,0,0000000000000000
717,717,0,0,1,a16522aea16522af,1,1,0,1,0,0,0000000000000000
718,718,0,0,1,a16522afa16522b0,1,1,0,1,0,0,0000000000000000
719,719,0,0,1,a16522b0a16522b1,1,1,0,1,0,0,0000000000000000
720,720,0,0,1,a16522b1a16522b2,1,1,0,1,0,0,0000000000000000
721,721,0,0,1,a16522b2a16522b3,1,1,0,1,0,0,0000000000000000
722,722,0,0,1,a16522b3a16522b4,1,1,0,1,0,0,0000000000000000
723,723,0,0,1,a16522b4a16522b5,1,1,0,1,0,0,0000000000000000
724,724,0,0,1,a16522b5a16522b6,1,1,0,1,0,0,0000000000000000
725,725,0,0,1,a16522b6a16522b7,1,1,0,1,0,0,0000000000000000
726,726,0,0,1,a16522b7a16522b8,1,1,0,1,0,0,0000000000000000
727,727,0,0,1,a16522b8a16522b9,1,1,0,1,0,0,0000000000000000
728,728,0,1,1,a16522b9a16522ba,1,1,0,1,0,0,0000000000000000
729,729,0,1,1,a16522baa16522bb,1,1,0,1,0,0,0000000000000000
730,730,0,1,1,a16522bba16522bc,1,1,0,1,0,0,0000000000000000
731,731,0,1,1,a16522bca16522bd,1,1,0,1,0,0,0000000000000000
732,732,0,1,1,a16522bda16522be,1,1,0,1,0,0,0000000000000000
733,733,0,1,1,a16522bea16522bf,1,1,0,1,0,0,0000000000000000
734,734,0,1,1,a16522bfa16522c0,1,1,0,1,0,0,0000000000000000
735,735,0,1,1,a16522c0a16522c1,1,1,0,1,0,0,0000000000000000
736,736,0,1,1,a16522c1a16522c2,1,1,0,1,0,0,0000000000000000
737,737,0,1,1,a16522c2a16522c3,1,1,0,1,0,0,0000000000000000
738,738,0,1,1,a16522c3a16522c4,1,1,0,1,0,0,0000000000000000
739,739,0,1,1,a16522c4a16522c5,1,1,0,1,0,0,0000000000000000
740,740,0,1,1,a16522c5a16522c6,1,1,0,1,0,0,0000000000000000
741,741,0,1,1,a16522c6a16522c7,1,1,0,1,0,0,0000000000000000
742,742,0,1,1,a16522c7a16522c8,1,1,0,1,0,0,0000000000000000
743,743,0,1,1,a16522c8a16522c9,1,1,0,1,0,0,0000000000000000
744,744,0,0,1,a16522c9a16522ca,1,1,0,1,0,0,0000000000000000
745,745,0,0,1,a16522caa16522cb,1,1,0,1,0,0,0000000000000000
746,746,0,0,1,a16522cba16522cc,1,1,0,1,0,0,0000000000000000
747,747,0,0,1,a16522cca16522cd,1,1,0,1,0,0,0000000000000000
748,748,0,0,1,a16522cda16522ce,1,1,0,1,0,0,0000000000000000
749,749,0,0,1,a16522cea16522cf,1,1,0,1,0,0,0000000000000000
750,750,0,0,1,a16522cfa16522d0,1,1,0,1,0,0,0000000000000000
751,751,0,0,1,a16522d0a16522d1,1,1,0,1,0,0,0000000000000000
752,752,0,0,1,a16522d1a16522d2,1,1,0,1,0,0,0000000000000000
753,753,0,0,1,a16522d2a16522d3,1,1,0,1,0,0,0000000000000000
754,754,0,0,1,a16522d3a16522d4,1,1,0,1,0,0,0000000000000000
755,755,0,0,1,a16522d4a16522d5,1,1,0,1,0,0,0000000000000000
756,756,0,0,1,a16522d5a16522d6,1,1,0,1,0,0,0000000000000000
757,757,0,0,1,a16522d6a16522d7,1,1,0,1,0,0,0000000000000000
758,758,0,0,1,a16522d7a16522d8,1,1,0,1,0,0,0000000000000000
759,759,0,0,1,a16522d8a16522d9,1,1,0,1,0,0,0000000000000000
760,760,0,1,1,a16522d9a16522da,1,1,0,1,0,0,0000000000000000
761,761,0,1,1,a16522daa16522db,1,1,0,1,0,0,0000000000000000
762,762,0,1,1,a16522dba16522dc,1,1,0,1,0,0,0000000000000000
763,763,0,1,1,a16522dca16522dd,1,1,0,1,0,0,0000000000000000
764,764,0,1,1,a16522dda16522de,1,1,0,1,0,0,0000000000000000
765,765,0,1,1,a16522dea16522df,1,1,0,1,0,0,0000000000000000
766,766,0,1,1,a16522dfa16522e0,1,1,0,1,0,0,0000000000000000
767,767,0,1,1,a16522e0a16522e1,1,1,0,1,0,0,0000000000000000
768,768,0,1,1,a16522e1a16522e2,1,1,0,1,0,0,0000000000000000
769,769,0,1,1,a16522e2a16522e3,1,1,0,1,0,0,0000000000000000
770,770,0,1,1,a16522e3a16522e4,1,1,0,1,0,0,0000000000000000
771,771,0,1,1,a16522e4a16522e5,1,1,0,1,0,0,0000000000000000
772,772,0,1,1,a16522e5a16522e6,1,1,0,1,0,0,0000000000000000
773,773,0,1,1,a16522e6a16522e7,1,1,0,1,0,0,0000000000000000
774,774,0,1,1,a16522e7a16522e8,1,1,0,1,0,0,0000000000000000
775,775,0,1,1,a16522e8a16522e9,1,1,0,1,0,0,0000000000000000
776,776,0,0,1,a16522e9a16522ea,1,1,0,1,0,0,0000000000000000
777,777,0,0,1,a16522eaa16522eb,1,1,0,1,0,0,0000000000000000
778,778,0,0,1,a16522eba16522ec,1,1,0,1,0,0,0000000000000000
779,779,0,0,1,a16522eca16522ed,1,1,0,1,0,0,0000000000000000
780,780,0,0,1,a16522eda16522ee,1,1,0,1,0,0,0000000000000000
781,781,0,0,1,a16522eea16522ef,1,1,0,1,0,0,0000000000000000
782,782,0,0,1,a16522efa16522f0,1,1,0,1,0,0,0000000000000000
783,783,0,0,1,a16522f0a16522f1,1,1,0,1,0,0,0000000000000000
784,784,0,0,1,a16522f1a16522f2,1,1,0,1,0,0,0000000000000000
785,785,0,0,1,a16522f2a16522f3,1,1,0,1,0,0,0000000000000000
786,786,0,0,1,a16522f3a16522f4,1,1,0,1,0,0,0000000000000000
787,787,0,0,1,a16522f4a16522f5,1,1,0,1,0,0,0000000000000000
788,788,0,0,1,a16522f5a16522f6,1,1,0,1,0,0,0000000000000000
789,789,0,0,1,a16522f6a16522f7,1,1,0,1,0,0,0000000000000000
790,790,0,0,1,a16522f7a16522f8,1,1,0,1,0,0,0000000000000000
791,791,0,0,1,a16522f8a16522f9,1,1,0,1,0,0,0000000000000000
792,792,0,1,1,a16522f9a16522fa,1,1,0,1,0,0,0000000000000000
793,793,0,1,1,a16522faa16522fb,1,1,0,1,0,0,0000000000000000
794,794,0,1,1,a16522fba16522fc,1,1,0,1,0,0,0000000000000000
795,795,0,1,1,a16522fca16522fd,1,1,0,1,0,0,0000000000000000
796,796,0,1,1,a16522fda16522fe,1,1,0,1,0,0,0000000000000000
797,797,0,1,1,a16522fea16522ff,1,1,0,1,0,0,0000000000000000
798,798,0,1,1,a16522ffa1652300,1,1,0,1,0,0,0000000000000000
799,799,0,1,1,a1652300a1652301,1,1,0,1,0,0,0000000000000000
800,800,0,1,1,a1652301a1652302,1,1,0,1,0,0,0000000000000000
801,801,0,1,1,a1652302a1652303,1,1,0,1,0,0,0000000000000000
802,802,0,1,1,a1652303a1652304,1,1,0,1,0,0,0000000000000000
803,803,0,1,1,a1652304a1652305,1,1,0,1,0,0,0000000000000000
804,804,0,1,1,a1652305a1652306,1,1,0,1,0,0,0000000000000000
805,805,0,1,1,a1652306a1652307,1,1,0,1,0,0,0000000000000000
806,806,0,1,1,a1652307a1652308,1,1,0,1,0,0,0000000000000000
807,807,0,1,1,a1652308a1652309,1,1,0,1,0,0,0000000000000000
808,808,0,0,1,a1652309a165230a,1,1,0,1,0,0,0000000000000000
809,809,0,0,1,a165230aa165230b,1,1,0,1,0,0,0000000000000000
810,810,0,0,1,a165230ba165230c,1,1,0,1,0,0,0000000000000000
811,811,0,0,1,a165230ca165230d,1,1,0,1,0,0,0000000000000000
812,812,0,0,1,a165230da165230e,1,1,0,1,0,0,0000000000000000
813,813,0,0,1,a165230ea165230f,1,1,0,1,0,0,0000000000000000
814,814,0,0,1,a165230fa1652310,1,1,0,1,0,0,0000000000000000
815,815,0,0,1,a1652310a1652311,1,1,0,1,0,0,0000000000000000
816,816,0,0,1,a1652311a1652312,1,1,0,1,0,0,0000000000000000
817,817,0,0,1,a1652312a1652313,1,1,0,1,0,0,0000000000000000
818,818,0,0,1,a1652313a1652314,1,1,0,1,0,0,0000000000000000
819,819,0,0,1,a1652314a1652315,1,1,0,1,0,0,0000000000000000
820,820,0,0,1,a1652315a1652316,1,1,0,1,0,0,0000000000000000
821,821,0,0,1,a1652316a1652317,1,1,0,1,0,0,0000000000000000
822,822,0,0,1,a1652317a1652318,1,1,0,1,0,0,0000000000000000
823,823,0,0,1,a1652318a1652319,1,1,0,1,0,0,0000000000000000
824,824,0,1,1,a1652319a165231a,1,1,0,1,0,0,0000000000000000
825,825,0,1,1,a165231aa165231b,1,1,0,1,0,0,0000000000000000
826,826,0,1,1,a165231ba165231c,1,1,0,1,0,0,0000000000000000
827,827,0,1,1,a165231ca165231d,1,1,0,1,0,0,0000000000000000
828,828,0,1,1,a165231da165231e,1,1,0,1,0,0,0000000000000000
829,829,0,1,1,a165231ea165231f,1,1,0,1,0,0,0000000000000000
830,830,0,1,1,a165231fa1652320,1,1,0,1,0,0,0000000000000000
831,831,0,1,1,a1652320a1652321,1,1,0,1,0,0,0000000000000000
832,832,0,1,1,a1652321a1652322,1,1,0,1,0,0,0000000000000000
833,833,0,1,1,a1652322a1652323,1,1,0,1,0,0,0000000000000000
834,834,0,1,1,a1652323a1652324,1,1,0,1,0,0,0000000000000000
835,835,0,1,1,a1652324a1652325,1,1,0,1,0,0,0000000000000000
836,836,0,1,1,a1652325a1652326,1,1,0,1,0,0,0000000000000000
837,837,0,1,1,a1652326a1652327,1,1,0,1,0,0,0000000000000000
838,838,0,1,1,a1652327a1652328,1,1,0,1,0,0,0000000000000000
839,839,0,1,1,a1652328a1652329,1,1,0,1,0,0,0000000000000000
840,840,0,0,1,a1652329a165232a,1,1,0,1,0,0,0000000000000000
841,841,0,0,1,a165232aa165232b,1,1,0,1,0,0,0000000000000000
842,842,0,0,1,a165232ba165232c,1,1,0,1,0,0,0000000000000000
843,843,0,0,1,a165232ca165232d,1,1,0,1,0,0,0000000000000000
844,844,0,0,1,a165232da165232e,1,1,0,1,0,0,0000000000000000
845,845,0,0,1,a165232ea165232f,1,1,0,1,0,0,0000000000000000
846,846,0,0,1,a165232fa1652330,1,1,0,1,0,0,0000000000000000
847,847,0,0,1,a1652330a1652331,1,1,0,1,0,0,0000000000000000
848,848,0,0,1,a1652331a1652332,1,1,0,1,0,0,0000000000000000
849,849,0,0,1,a1652332a1652333,1,1,0,1,0,0,0000000000000000
850,850,0,0,1,a1652333a1652334,1,1,0,1,0,0,0000000000000000
851,851,0,0,1,a1652334a1652335,1,1,0,1,0,0,0000000000000000
852,852,0,0,1,a1652335a1652336,1,1,0,1,0,0,0000000000000000
853,853,0,0,1,a1652336a1652337,1,1,0,1,0,0,0000000000000000
854,854,0,0,1,a1652337a1652338,1,1,0,1,0,0,0000000000000000
855,855,0,0,1,a1652338a1652339,1,1,0,1,0,0,0000000000000000
856,856,0,1,1,a1652339a165233a,1,1,0,1,0,0,0000000000000000
857,857,0,1,1,a165233aa165233b,1,1,0,1,0,0,0000000000000000
858,858,0,1,1,a165233ba165233c,1,1,0,1,0,0,0000000000000000
859,859,0,1,1,a165233ca165233d,1,1,0,1,0,0,0000000000000000
860,860,0,1,1,a165233da165233e,1,1,0,1,0,0,0000000000000000
861,861,0,1,1,a165233ea165233f,1,1,0,1,0,0,0000000000000000
862,862,0,1,1,a165233fa1652340,1,1,0,1,0,0,0000000000000000
863,863,0,1,1,a1652340a1652341,1,1,0,1,0,0,0000000000000000
864,864,0,1,1,a1652341a1652342,1,1,0,1,0,0,0000000000000000
865,865,0,1,1,a1652342a1652343,1,1,0,1,0,0,0000000000000000
866,866,0,1,1,a1652343a1652344,1,1,0,1,0,0,0000000000000000
867,867,0,1,1,a1652344a1652345,1,1,0,1,0,0,0000000000000000
868,868,0,1,1,a1652345a1652346,1,1,0,1,0,0,0000000000000000
869,869,0,1,1,a1652346a1652347,1,1,0,1,0,0,0000000000000000
870,870,0,1,1,a1652347a1652348,1,1,0,1,0,0,0000000000000000
871,871,0,1,1,a1652348a1652349,1,1,0,1,0,0,0000000000000000
872,872,0,0,1,a1652349a165234a,1,1,0,1,0,0,0000000000000000
873,873,0,0,1,a165234aa165234b,1,1,0,1,0,0,0000000000000000
874,874,0,0,1,a165234ba165234c,1,1,0,1,0,0,0000000000000000
875,875,0,0,1,a165234ca165234d,1,1,0,1,0,0,0000000000000000
876,876,0,0,1,a165234da165234e,1,1,0,1,0,0,0000000000000000
877,877,0,0,1,a165234ea165234f,1,1,0,1,0,0,0000000000000000
878,878,0,0,1,a165234fa1652350,1,1,0,1,0,0,0000000000000000
879,879,0,0,1,a1652350a1652351,1,1,0,1,0,0,0000000000000000
880,880,0,0,1,a1652351a1652352,1,1,0,1,0,0,0000000000000000
881,881,0,0,1,a1652352a1652353,1,1,0,1,0,0,0000000000000000
882,882,0,0,1,a1652353a1652354,1,1,0,1,0,0,0000000000000000
883,883,0,0,1,a1652354a1652355,1,1,0,1,0,0,0000000000000000
884,884,0,0,1,a1652355a1652356,1,1,0,1,0,0,0000000000000000
885,885,0,0,1,a1652356a1652357,1,1,0,1,0,0,0000000000000000
886,886,0,0,1,a1652357a1652358,1,1,0,1,0,0,0000000000000000
887,887,0,0,1,a1652358a1652359,1,1,0,1,0,0,0000000000000000
888,888,0,1,1,a1652359a165235a,1,1,0,1,0,0,0000000000000000
889,889,0,1,1,a165235aa165235b,1,1,0,1,0,0,0000000000000000
890,890,0,1,1,a165235ba165235c,1,1,0,1,0,0,0000000000000000
891,891,0,1,1,a165235ca165235d,1,1,0,1,0,0,0000000000000000
892,892,0,1,1,a165235da165235e,1,1,0,1,0,0,0000000000000000
893,893,0,1,1,a165235ea165235f,1,1,0,1,0,0,0000000000000000
894,894,0,1,1,a165235fa1652360,1,1,0,1,0,0,0000000000000000
895,895,0,1,1,a1652360a1652361,1,1,0,1,0,0,0000000000000000
896,896,0,1,1,a1652361a1652362,1,1,0,1,0,0,0000000000000000
897,897,0,1,1,a1652362a1652363,1,1,0,1,0,0,0000000000000000
898,898,0,1,1,a1652363a1652364,1,1,0,1,0,0,0000000000000000
899,899,0,1,1,a1652364a1652365,1,1,0,1,0,0,0000000000000000
900,900,0,1,1,a1652365a1652366,1,1,0,1,0,0,0000000000000000
901,901,0,1,1,a1652366a1652367,1,1,0,1,0,0,0000000000000000
902,902,0,1,1,a1652367a1652368,1,1,0,1,0,0,0000000000000000
903,903,0,1,1,a1652368a1652369,1,1,0,1,0,0,0000000000000000
904,904,0,0,1,a1652369a165236a,1,1,0,1,0,0,0000000000000000
905,905,0,0,1,a165236aa165236b,1,1,0,1,0,0,0000000000000000
906,906,0,0,1,a165236ba165236c,1,1,0,1,0,0,0000000000000000
907,907,0,0,1,a165236ca165236d,1,1,0,1,0,0,0000000000000000
908,908,0,0,1,a165236da165236e,1,1,0,1,0,0,0000000000000000
909,909,0,0,1,a165236ea165236f,1,1,0,1,0,0,0000000000000000
910,910,0,0,1,a165236fa1652370,1,1,0,1,0,0,0000000000000000
911,911,0,0,1,a1652370a1652371,1,1,0,1,0,0,0000000000000000
912,912,0,0,1,a1652371a1652372,1,1,0,1,0,0,0000000000000000
913,913,0,0,1,a1652372a1652373,1,1,0,1,0,0,0000000000000000
914,914,0,0,1,a1652373a1652374,1,1,0,1,0,0,0000000000000000
915,915,0,0,1,a1652374a1652375,1,1,0,1,0,0,0000000000000000
916,916,0,0,1,a1652375a1652376,1,1,0,1,0,0,0000000000000000
917,917,0,0,1,a1652376a1652377,1,1,0,1,0,0,0000000000000000
918,918,0,0,1,a1652377a1652378,1,1,0,1,0,0,0000000000000000
919,919,0,0,1,a1652378a1652379,1,1,0,1,0,0,0000000000000000
920,920,0,1,1,a1652379a165237a,1,1,0,1,0,0,0000000000000000
921,921,0,1,1,a165237aa165237b,1,1,0,1,0,0,0000000000000000
922,922,0,1,1,a165237ba165237c,1,1,0,1,0,0,0000000000000000
923,923,0,1,1,a165237ca165237d,1,1,0,1,0,0,0000000000000000
924,924,0,1,1,a165237da165237e,1,1,0,1,0,0,0000000000000000
925,925,0,1,1,a165237ea165237f,1,1,0,1,0,0,0000000000000000
926,926,0,1,1,a165237fa1652380,1,1,0,1,0,0,0000000000000000
927,927,0,1,1,a1652380a1652381,1,1,0,1,0,0,0000000000000000
928,928,0,1,1,a1652381a1652382,1,1,0,1,0,0,0000000000000000
929,929,0,1,1,a1652382a1652383,1,1,0,1,0,0,0000000000000000
930,930,0,1,1,a1652383a1652384,1,1,0,1,0,0,0000000000000000
931,931,0,1,1,a1652384a1652385,1,1,0,1,0,0,0000000000000000
932,932,0,1,1,a1652385a1652386,1,1,0,1,0,0,0000000000000000
933,933,0,1,1,a1652386a1652387,1,1,0,1,0,0,0000000000000000
934,934,0,1,1,a1652387a1652388,1,1,0,1,0,0,0000000000000000
935,935,0,1,1,a1652388a1652389,1,1,0,1,0,0,0000000000000000
936,936,0,0,1,a1652389a165238a,1,1,0,1,0,0,0000000000000000
937,937,0,0,1,a165238aa165238b,1,1,0,1,0,0,0000000000000000
938,938,0,0,1,a165238ba165238c,1,1,0,1,0,0,0000000000000000
939,939,0,0,1,a165238ca165238d,1,1,0,1,0,0,0000000000000000
940,940,0,0,1,a165238da165238e,1,1,0,1,0,0,0000000000000000
941,941,0,0,1,a165238ea165238f,1,1,0,1,0,0,0000000000000000
942,942,0,0,1,a165238fa1652390,1,1,0,1,0,0,0000000000000000
943,943,0,0,1,a1652390a1652391,1,1,0,1,0,0,0000000000000000
944,944,0,0,1,a1652391a1652392,1,1,0,1,0,0,0000000000000000
945,945,0,0,1,a1652392a1652393,1,1,0,1,0,0,0000000000000000
946,946,0,0,1,a1652393a1652394,1,1,0,1,0,0,0000000000000000
947,947,0,0,1,a1652394a1652395,1,1,0,1,0,0,0000000000000000
948,948,0,0,1,a1652395a1652396,1,1,0,1,0,0,0000000000000000
949,949,0,0,1,a1652396a1652397,1,1,0,1,0,0,0000000000000000
950,950,0,0,1,a1652397a1652398,1,1,0,1,0,0,0000000000000000
951,951,0,0,1,a1652398a1652399,1,1,0,1,0,0,0000000000000000
952,952,0,1,1,a1652399a165239a,1,1,0,1,0,0,0000000000000000
953,953,0,1,1,a165239aa165239b,1,1,0,1,0,0,0000000000000000
954,954,0,1,1,a165239ba165239c,1,1,0,1,0,0,0000000000000000
955,955,0,1,1,a165239ca165239d,1,1,0,1,0,0,0000000000000000
956,956,0,1,1,a165239da165239e,1,1,0,1,0,0,0000000000000000
957,957,0,1,1,a165239ea165239f,1,1,0,1,0,0,0000000000000000
958,958,0,1,1,a165239fa16523a0,1,1,0,1,0,0,0000000000000000
959,959,0,1,1,a16523a0a16523a1,1,1,0,1,0,0,0000000000000000
960,960,0,1,1,a16523a1a16523a2,1,1,0,1,0,0,0000000000000000
961,961,0,1,1,a16523a2a16523a3,1,1,0,1,0,0,0000000000000000
962,962,0,1,1,a16523a3a16523a4,1,1,0,1,0,0,0000000000000000
963,963,0,1,1,a16523a4a16523a5,1,1,0,1,0,0,0000000000000000
964,964,0,1,1,a16523a5a16523a6,1,1,0,1,0,0,0000000000000000
965,965,0,1,1,a16523a6a16523a7,1,1,0,1,0,0,0000000000000000
966,966,0,1,1,a16523a7a16523a8,1,1,0,1,0,0,0000000000000000
967,967,0,1,1,a16523a8a16523a9,1,1,0,1,0,0,0000000000000000
968,968,0,0,1,a16523a9a16523aa,1,1,0,1,0,0,0000000000000000
969,969,0,0,1,a16523aaa16523ab,1,1,0,1,0,0,0000000000000000
970,970,0,0,1,a16523aba16523ac,1,1,0,1,0,0,0000000000000000
971,971,0,0,1,a16523aca16523ad,1,1,0,1,0,0,0000000000000000
972,972,0,0,1,a16523ada16523ae,1,1,0,1,0,0,0000000000000000
973,973,0,0,1,a16523aea16523af,1,1,0,1,0,0,0000000000000000
974,974,0,0,1,a16523afa16523b0,1,1,0,1,0,0,0000000000000000
975,975,0,0,1,a16523b0a16523b1,1,1,0,1,0,0,0000000000000000
976,976,0,0,1,a16523b1a16523b2,1,1,0,1,0,0,0000000000000000
977,977,0,0,1,a16523b2a16523b3,1,1,0,1,0,0,0000000000000000
978,978,0,0,1,a16523b3a16523b4,1,1,0,1,0,0,0000000000000000
979,979,0,0,1,a16523b4a16523b5,1,1,0,1,0,0,0000000000000000
980,980,0,0,1,a16523b5a16523b6,1,1,0,1,0,0,0000000000000000
981,981,0,0,1,a16523b6a16523b7,1,1,0,1,0,0,0000000000000000
982,982,0,0,1,a16523b7a16523b8,1,1,0,1,0,0,0000000000000000
983,983,0,0,1,a16523b8a16523b9,1,1,0,1,0,0,0000000000000000
984,984,0,1,1,a16523b9a16523ba,1,1,0,1,0,0,0000000000000000
985,985,0,1,1,a16523baa16523bb,1,1,0,1,0,0,0000000000000000
986,986,0,1,1,a16523bba16523bc,1,1,0,1,0,0,0000000000000000
987,987,0,1,1,a16523bca16523bd,1,1,0,1,0,0,0000000000000000
988,988,0,1,1,a16523bda16523be,1,1,0,1,0,0,0000000000000000
989,989,0,1,1,a16523bea16523bf,1,1,0,1,0,0,0000000000000000
990,990,0,1,1,a16523bfa16523c0,1,1,0,1,0,0,0000000000000000
991,991,0,1,1,a16523c0a16523c1,1,1,0,1,0,0,0000000000000000
992,992,0,1,1,a16523c1a16523c2,1,1,0,1,0,0,0000000000000000
993,993,0,1,1,a16523c2a16523c3,1,1,0,1,0,0,0000000000000000
994,994,0,1,1,a16523c3a16523c4,1,1,0,1,0,0,0000000000000000
995,995,0,1,1,a16523c4a16523c5,1,1,0,1,0,0,0000000000000000
996,996,0,1,1,a16523c5a16523c6,1,1,0,1,0,0,0000000000000000
997,997,0,1,1,a16523c6a16523c7,1,1,0,1,0,0,0000000000000000
998,998,0,1,1,a16523c7a16523c8,1,1,0,1,0,0,0000000000000000
999,999,0,1,1,a16523c8a16523c9,1,1,0,1,0,0,0000000000000000
1000,1000,0,0,1,a16523c9a16523ca,1,1,0,1,0,0,0000000000000000
1001,1001,0,0,1,a16523caa16523cb,1,1,0,1,0,0,0000000000000000
1002,1002,0,0,1,a16523cba16523cc,1,1,0,1,0,0,0000000000000000
1003,1003,0,0,1,a16523cca16523cd,1,1,0,1,0,0,0000000000000000
1004,1004,0,0,1,a16523cda16523ce,1,1,0,1,0,0,0000000000000000
1005,1005,0,0,1,a16523cea16523cf,1,1,0,1,0,0,0000000000000000
1006,1006,0,0,1,a16523cfa16523d0,1,1,0,1,0,0,0000000000000000
1007,1007,0,0,1,a16523d0a16523d1,1,1,0,1,0,0,0000000000000000
1008,1008,0,0,1,a16523d1a16523d2,1,1,0,1,0,0,0000000000000000
1009,1009,0,0,1,a16523d2a16523d3,1,1,0,1,0,0,0000000000000000
1010,1010,0,0,1,a16523d3a16523d4,1,1,0,1,0,0,0000000000000000
1011,1011,0,0,1,a16523d4a16523d5,1,1,0,1,0,0,0000000000000000
1012,1012,0,0,1,a16523d5a16523d6,1,1,0,1,0,0,0000000000000000
1013,1013,0,0,1,a16523d6a16523d7,1,1,0,1,0,0,0000000000000000
1014,1014,0,0,1,a16523d7a16523d8,1,1,0,1,0,0,0000000000000000
1015,1015,0,0,1,a16523d8a16523d9,1,1,0,1,0,0,0000000000000000
1016,1016,0,1,1,a16523d9a16523da,1,1,0,1,0,0,0000000000000000
1017,1017,0,1,1,a16523daa16523db,1,1,0,1,0,0,0000000000000000
1018,1018,0,1,1,a16523dba16523dc,1,1,0,1,0,0,0000000000000000
1019,1019,0,1,1,a16523dca16523dd,1,1,0,1,0,0,0000000000000000
1020,1020,0,1,1,a16523dda16523de,1,1,0,1,0,0,0000000000000000
1021,1021,0,1,1,a16523dea16523df,1,1,0,1,0,0,0000000000000000
1022,1022,0,1,1,a16523dfa16523e0,1,1,0,1,0,0,0000000000000000
1023,1023,0,1,1,a16523e0a16523e1,1,1,0,1,0,0,0000000000000000
